"AxcQ1","AxcQ2"
"Ax1",0.387849427867905,0.0617567976058402
"Ax2",0.536656125423149,0.0417561461703446
