"AxcR1","AxcR2"
"Ax1",0.948765407564398,-0.195855810921538
"Ax2",-0.128395680920538,-0.955987000228961
